NID,Time,EventName,DisasterType,Lon,Lat,C_Name,T_Name,Address,situation,TOWN_ID
169500,2016-9-30 11:35,梅姬颱風,roadbed loss,120.45384,24.135747,彰化縣,線西鄉,彰化縣線西鄉中華路477巷,線西鄉中華路477巷旁道路塌陷，待搶處理,1000704
169507,2016-9-30 11:31,梅姬颱風,slope slump,120.470991,24.13097,彰化縣,線西鄉,彰化縣線西鄉中央路2段45號,551564654,1000704
169508,2016-9-30 11:27,梅姬颱風,slope slump,120.429524,24.064443,彰化縣,鹿港鎮,彰化縣鹿港鎮東石里台17線51k處,颱風豪雨不斷，導致彰化縣東石里台17線51k處邊坡土石坍方，交通中斷，目前已派員進行搶修中。,1000702
169511,2016-9-30 11:24,梅姬颱風,slope slump,120.500471,23.850287,彰化縣,溪州鄉,彰化縣溪州鄉尾厝村溪下路,"颱風豪雨不斷,導致溪州鄉尾厝村溪下路一段150號邊坡土石坍方,交通中斷,目前已派員進行搶修中.",1000726
169513,2016-9-30 11:13,梅姬颱風,slope slump,120.425182,23.862773,彰化縣,竹塘鄉,彰化縣竹塘鄉竹塘村,"颱風豪雨不斷,導致竹塘市中心台19線51處邊坡土石坍方,交通中斷,目前已派員進行搶修中",1000725
169519,2016-9-30 10:57,梅姬颱風,slope slump,120.535509,23.918313,彰化縣,永靖鄉,彰化縣永靖鄉台3線51K處,颱風豪雨不斷．導致台3線51K處邊坡土石坍方，交通中斷，目前已派員進行搶修中,1000716
169522,2016-9-30 10:54,梅姬颱風,slope slump,120.471987,23.984217,彰化縣,埔鹽鄉,彰化縣埔鹽鄉角樹村2鄰員鹿路一段30號,颱風豪雨不斷，導致角樹村員鹿路台線51K處邊坡土石坍方，交通中斷，目前已派員進行搶修中。,1000714
169524,2016-9-30 10:47,梅姬颱風,slope slump,120.611511,23.904779,彰化縣,社頭鄉,彰化縣社頭鄉山腳路二段150號,颱風豪雨不斷．導致彰化縣社頭鄉山腳路二段150號邊坡土石坍方，交通中斷，目前已派員進行搶修中。,1000717
169525,2016-9-30 10:43,梅姬颱風,slope slump,120.590841,23.956624,彰化縣,員林市,彰化縣員林市,颱風豪雨不斷，導致彰化市員林區台一線51k處邊坡土石坍方，交通中斷，目前已派員進行搶修中。,1000710
169535,2016-9-30 10:36,梅姬颱風,slope slump,120.32091,23.852335,彰化縣,大城鄉,彰化縣大城鄉中平路185號,颱風豪雨不斷．導致大城台11線51K處邊坡土石坍方，交通中斷，目前已派員進行搶修中。,1000724
169551,2016-9-30 10:14,梅姬颱風,slope slump,120.582666,23.996561,彰化縣,大村鄉,彰化縣大村鄉平和村山腳路75號,颱風豪雨不斷，導致大村鄉平和村山腳路137線51K處邊坡土石坍方，交通中斷，目前已派員進行搶修中。,1000713
169553,2016-9-30 10:13,梅姬颱風,slope slump,120.34677,23.964843,彰化縣,芳苑鄉,彰化縣芳苑鄉王功村3鄰芳漢路532之4號,颱風豪雨不斷，溪水暴漲，造成彰化縣芳苑鄉台17線51k處邊土石坍方。交通中斷，目前已派員進行搶修中。,1000723
169555,2016-9-30 10:12,梅姬颱風,slope slump,120.536704,23.955908,彰化縣,埔心鄉,彰化縣埔心鄉,颱風豪雨不斷．導致彰化縣埔心鄉泗湳路382號處邊坡土石坍方，交通中斷，目前已派員進行搶修中。,1000715
169379,2016-9-30 10:09,梅姬颱風,slope slump,120.371958,23.899526,彰化縣,二林鎮,彰化縣二林鎮斗苑路,颱風豪雨不斷．導致彰化縣二林鎮斗苑路邊坡土石坍方，交通中斷，目前已派員進行搶修中。,1000720
169385,2016-9-30 10:02,梅姬颱風,slope slump,120.634464,24.004768,彰化縣,芬園鄉,彰化縣芬園鄉縣庄村,颱風豪雨不斷．導致進芬村(台14線丁往縣庄1km處)處邊坡土石坍方，交通中斷，目前已派員進行搶修中。,1000709
169392,2016-9-30 09:50,梅姬颱風,slope slump,120.416438,23.852471,彰化縣,竹塘鄉,彰化縣竹塘鄉土庫村,"颱風豪雨不斷,導致竹塘市中心台19線51k處邊坡土石坶方,交通中斷,目前已派員進行搶修中",1000725
169400,2016-9-30 09:20,梅姬颱風,road blockage,120.531398,24.057607,彰化縣,彰化市,彰化縣彰化市南興街121巷25弄118號,有落石,1000701
169401,2016-9-30 09:20,梅姬颱風,road blockage,120.540108,24.044821,彰化縣,花壇鄉,彰化縣花壇鄉宮口巷112號,有落石,1000708
169563,2016-9-30 09:20,梅姬颱風,rock fall,120.578041,23.973548,彰化縣,員林市,彰化縣員林鎮三愛里,山坡土石掉落，道路單向通車已派員前往處理====================招牌掉落阻礙道路交通。已派員前往處理,1000710
169564,2016-9-30 09:20,梅姬颱風,road blockage,120.531398,24.057607,彰化縣,彰化市,彰化縣彰化市南興街121巷25弄118號,有落石已派員前往處理====================有落石已派員前往處理,1000701
168507,2016-9-29 16:35,梅姬颱風,roadbed loss,120.37347,22.739624,高雄市,大社區,高雄市大社區保安里大社路401巷,保安里林義萬里長、區公所民政課蘇振華課長通報，本區保安里大社路401巷過陽光大地往嘉誠里方向約300公尺，路基淘空有破洞，請權管單位儘速派員排除。,6401600
168510,2016-9-29 16:27,梅姬颱風,debris flow,120.48527,23.322312,臺南市,白河區,臺南市白河區關嶺里175線3.6公里處,175線3.6公里處土石崩落目前單線通行,6700300
168533,2016-9-29 15:44,梅姬颱風,road blockage,120.48527,23.322312,臺南市,白河區,臺南市白河區關嶺里175線2公里,175線2公里處過岩頂咖啡路基已淘空,6700300
168603,2016-9-29 13:45,梅姬颱風,road blockage,120.50459,23.338491,臺南市,白河區,臺南市白河區關子嶺24-10號,臺南市白河區關子嶺24-10號阿美民宿旁1999轉報民眾來電反映臺南市白河區關子嶺24-10號有大顆石頭滾下來擋住道路及水溝請盡速派員處理,6700300
168680,2016-9-29 11:36,梅姬颱風,road blockage,120.507574,23.026028,高雄市,杉林區,高雄市杉林區木梓里田仔頂,田仔頂道路土石崩塌阻擋通行,6403400
168745,2016-9-29 10:42,梅姬颱風,road blockage,120.580401,22.980264,高雄市,杉林區,高雄市杉林區新庄里,農路及箱涵阻塞(已通知開口合約廠商處理),6403400
168752,2016-9-29 10:32,梅姬颱風,rock fall,120.537615,23.045577,高雄市,杉林區,高雄市杉林區木梓里,土石崩塌阻塞野溪損及農田(已通知本所開口合約廠商處理),6403400
162703,2016-9-29 08:11,梅姬颱風,rock fall,120.64356,22.437091,屏東縣,來義鄉,屏東縣來義鄉南和村牌樓前,南和村牌樓前道路(屏115線)土石坍方其中有樹木壓到電線,1001330
163023,2016-9-28 19:07,梅姬颱風,slope slump,120.401393,23.05186,臺南市,左鎮區,臺南市左鎮區左鎮里91-2號旁道路,附近道路坍塌請處理,6702600
163047,2016-9-28 18:59,梅姬颱風,debris flow,120.447549,22.84274,高雄市,旗山區,高雄市旗山區新光里大洲國中,新光里大洲國中後方土石流淹水30CM,6403000
163142,2016-9-28 18:32,梅姬颱風,roadbed loss,120.312974,22.720653,高雄市,楠梓區,高雄市楠梓區後昌路,後昌路47巷與後昌路交叉口污水處理工程路面嚴重下陷，聯絡污水處理公司無人接聽,6400400
163402,2016-9-28 17:30,梅姬颱風,rock fall,120.465764,22.84847,高雄市,旗山區,高雄市旗山區中寮一路,中寮一路過公墓路段及崑山路段有崩落石塊,6403000
163418,2016-9-28 17:26,梅姬颱風,road blockage,120.47234,22.875912,高雄市,旗山區,高雄市旗山區,路面坍塌,6403000
163448,2016-9-28 17:20,梅姬颱風,roadbed loss,120.176267,22.99744,臺南市,安平區,臺南市安平區華平路700號,人行步道下陷請處理,6703600
168847,2016-9-28 17:18,梅姬颱風,slope slump,120.85301,24.191545,臺中市,東勢區,臺中市東勢區慶福里枝寮坑,1.路樹倒塌(本所農建課開口廠商於105.9.2911：05清除)2.邊坡滑落,6601000
163598,2016-9-28 16:48,梅姬颱風,road blockage,120.379834,22.564805,高雄市,小港區,高雄市小港區大坪里高松墓園,大坪里高松墓園產業道路《從高松往大平頂天主教公墓》方向，里長轉述有坍塌土石，請協助設封鎖線(昨日有已設封鎖，但被里民強行進入)。,6401100
163636,2016-9-28 16:43,梅姬颱風,rock fall,120.250932,23.028915,臺南市,永康區,臺南市永康區復華6街,土坡崩落之路上也路樹倒塌,6703100
163769,2016-9-28 16:15,梅姬颱風,roadbed loss,121.5118,25.08809,臺北市,士林區,"中正路中正路往百齡橋高架環河引道,地標:百齡橋",路面坑洞，露出鋼筋，車輛經過要閃避長寬30X20公分深沒注意的洞,6301100
163777,2016-9-28 16:14,梅姬颱風,roadbed loss,121.5278,25.13772,臺北市,北投區,北投區行義路295號,路面掏空,6301200
168878,2016-9-28 16:02,梅姬颱風,roadbed loss,121.538,25.14404,臺北市,北投區,北投區紗帽路96號路燈到97號路燈間,北投區紗帽路96號路燈到97號路燈間,6301200
163856,2016-9-28 16:02,梅姬颱風,roadbed loss,120.591003,23.290868,嘉義縣,大埔鄉,嘉義縣大埔鄉,嘉129線33.7k處路基流失約20M,1001017
163936,2016-9-28 15:51,梅姬颱風,road blockage,120.715776,23.559799,嘉義縣,梅山鄉,嘉義縣梅山鄉太和村太和農會下方,土石崩塌阻斷道路169線通行,1001015
163986,2016-9-28 15:45,梅姬颱風,road blockage,120.628378,23.588153,嘉義縣,梅山鄉,嘉義縣梅山鄉龍眼村.碧湖村,坍方落石影響道路通行,1001015
164006,2016-9-28 15:43,梅姬颱風,roadbed loss,120.423626,23.385713,臺南市,白河區,臺南市白河區玉豐里頂崁頭1鄰2號,路基流失請處理,6700300
164033,2016-9-28 15:40,梅姬颱風,rock fall,120.472652,22.873778,高雄市,旗山區,高雄市旗山區三協里武鹿坑28號,三協里武鹿坑28號附近磚牆倒落路面、大坑巷20號土石滑落，阻礙交通，大坑巷7號土石滑落，雨水流入民宅,6403000
164081,2016-9-28 15:34,梅姬颱風,roadbed loss,121.5599,24.98967,臺北市,文山區,興隆路四段55號門口,籃球大坑洞，深度目測2公分，靠近外側車道,6300800
164144,2016-9-28 15:28,梅姬颱風,roadbed loss,121.5797,25.03348,臺北市,信義區,松山路地標:公車站牌永春高中前方內車道上,永春高中站牌前3個大坑洞(約籃球大、深度15公分),6300200
164170,2016-9-28 15:25,梅姬颱風,slope slump,120.588914,23.418887,嘉義縣,番路鄉,嘉義縣番路鄉,嘉義縣番路鄉4鄰瓦厝仔1號劉逸嬅農路不通,1001016
164186,2016-9-28 15:24,梅姬颱風,roadbed loss,121.5777,25.04981,臺北市,松山區,松山路上(約永春高中前公車站牌的內車道上),有2個大坑洞(約籃球大、深度15公分),6300100
164232,2016-9-28 15:15,梅姬颱風,slope slump,121.296272,23.379526,花蓮縣,卓溪鄉,花蓮縣卓溪鄉卓溪村,農路邊坡坍方,1001513
164328,2016-9-28 15:05,梅姬颱風,roadbed loss,121.5599,24.98967,臺北市,文山區,興隆路四段55號55號前方,直徑30公分大約10公分深的坑洞,6300800
164332,2016-9-28 15:05,梅姬颱風,roadbed loss,120.644035,24.149219,臺中市,南屯區,臺中市南屯區惠中里惠文路588號,臺中市南屯區惠中里惠文路588號民災前路淘空(破洞)長寬30*20公分,6600700
164356,2016-9-28 15:02,梅姬颱風,rock fall,121.067656,24.669005,新竹縣,北埔鄉,新竹縣北埔鄉外坪村觀音仙水前一百公尺處,落石,1000409
164427,2016-9-28 14:53,梅姬颱風,rock fall,120.461412,22.81395,高雄市,旗山區,高雄市旗山區南勝里,旗山區南勝里台29線南下路段土牆崩塌，阻礙南下車道,6403000
164446,2016-9-28 14:50,梅姬颱風,roadbed loss,120.297228,22.691245,高雄市,左營區,高雄市左營區左營大路565號,"左營大路565號前人行道前掏空,用路人危險.",6400300
164503,2016-9-28 14:43,梅姬颱風,rock fall,120.668127,23.002111,高雄市,六龜區,高雄市六龜區,土石崩落，公路無法通行，28日早上有見到怪手在處理，想詢問目前能否通行，請回覆蕭先生(0929095241),6403200
164568,2016-9-28 14:33,梅姬颱風,rock fall,121.063023,24.688423,新竹縣,北埔鄉,新竹縣北埔鄉大林村8鄰二寮神木往大湖路段竹39-1,土石崩塌及樹木傾倒,1000409
164641,2016-9-28 14:24,梅姬颱風,roadbed loss,121.533,25.06211,臺北市,中山區,松江路366號前，中間車道,有一長約15公分，深約5公分左右的坑洞,6300400
164665,2016-9-28 14:22,梅姬颱風,roadbed loss,121.5011,25.1445,臺北市,北投區,大屯路93巷1號旁排水溝的旁邊道路,市民上述地點有共同堆起沙包，地面突起大量的水從旁流出，市民認為有地基流失掏空情形，希望單位前往確認(表示若有疑問可向市民聯繫，並有錄影存證有需要可向市民索取),6301200
164762,2016-9-28 14:10,梅姬颱風,debris flow,120.473232,22.849639,高雄市,旗山區,高雄市旗山區大山里,大山里中寮一路二四之一號清水祖師爺後土石流，大山街68號淹水，大山街42號前樹倒,6403000
164956,2016-9-28 13:49,梅姬颱風,roadbed loss,121.5335,25.06383,臺北市,中山區,松江路364號,有2個坑洞(一個約20cm大小、深約5-10cm，另一個約10cm大小，深度無法提供),6300400
165008,2016-9-28 13:43,梅姬颱風,roadbed loss,120.290975,22.674971,高雄市,左營區,高雄市左營區城峰路東門路大義國中旁邊,城峰路東門路大義國中旁邊有地層下陷.,6400300
165050,2016-9-28 13:37,梅姬颱風,road blockage,120.582117,23.564473,嘉義縣,梅山鄉,嘉義縣梅山鄉半天村4鄰村道,1.落石影響交通安全2.村長已請村民移至路旁,1001015
165163,2016-9-28 13:27,梅姬颱風,rock fall,121.747484,24.42378,宜蘭縣,南澳鄉,宜蘭縣南澳鄉金洋村,土石崩落,1000212
165221,2016-9-28 13:22,梅姬颱風,roadbed loss,120.562944,22.98661,高雄市,杉林區,高雄市杉林區,高129線4.1K道路下陷無法通行,6403400
165236,2016-9-28 13:21,梅姬颱風,rock fall,121.781173,24.481974,宜蘭縣,南澳鄉,宜蘭縣南澳鄉金岳村,有落石及路樹倒塌,1000212
165303,2016-9-28 13:13,梅姬颱風,slope slump,120.642512,23.408435,嘉義縣,番路鄉,嘉義縣番路鄉公興村,"嘉義縣番路鄉公興村龍美地區,腦寮地區農路不通.",1001016
165317,2016-9-28 13:12,梅姬颱風,slope slump,120.561803,22.905842,高雄市,美濃區,高雄市美濃區成功路380巷49-1號,擋土牆崩落，阻擋水路、道路,6403100
165344,2016-9-28 13:09,梅姬颱風,rock fall,120.517392,23.356984,嘉義縣,中埔鄉,嘉義縣中埔鄉三層村105號,土石崩落交通受阻停電,1001013
165354,2016-9-28 13:08,梅姬颱風,rock fall,121.5438,25.17561,臺北市,北投區,北投區竹仔湖路產業道路2+500處邊坡土石滑落，妨礙交通,北投區竹仔湖路產業道路2+500處邊坡土石滑落，妨礙交通,6301200
165371,2016-9-28 13:06,梅姬颱風,slope slump,120.636302,23.417099,嘉義縣,番路鄉,嘉義縣番路鄉公興村6鄰,嘉義縣番路鄉公興村5鄰通往6鄰東竹湖村里道路不通,1001016
165393,2016-9-28 13:03,梅姬颱風,debris flow,120.47234,22.875912,高雄市,旗山區,高雄市旗山區,壹電視、中天電視報導旗山區土石流壓民宅受困請查明回報,6403000
165413,2016-9-28 13:02,梅姬颱風,rock fall,120.492271,22.893076,高雄市,旗山區,高雄市旗山區東平里竹寮巷,東平里竹寮巷多處山壁坍方,6403000
165415,2016-9-28 13:02,梅姬颱風,slope slump,120.726137,22.765472,屏東縣,霧臺鄉,屏東縣霧臺鄉佳暮村,佳暮原鄉聯絡道路上方土石崩塌,1001327
165447,2016-9-28 12:58,梅姬颱風,rock fall,120.603275,23.445495,嘉義縣,番路鄉,嘉義縣番路鄉觸口村嘉124線,觸口村長前面往觸口替代道路山崩(嘉124線),1001016
165505,2016-9-28 12:52,梅姬颱風,rock fall,121.375455,24.72968,桃園市,復興區,桃園市復興區華陵村中心路148號-道路坍方無法通行,桃園市復興區華陵村中心路148號-道路坍方無法通行(影響戶數:1戶-該路為住戶出入處),6801300
165652,2016-9-28 12:34,梅姬颱風,rock fall,120.447549,22.84274,高雄市,旗山區,高雄市旗山區新光里中寮二路高41線,新光里中寮二路高41線1K+300，1K+500，3K+200,6403000
165709,2016-9-28 12:28,梅姬颱風,roadbed loss,121.5677,25.03317,臺北市,信義區,信義路五段17號信義分局正前方斑馬線上,上述地點有一個大坑洞，坑洞約兩個籃球大坑洞，深度約十公分深，希望局處單位盡快處理，擔心之後有人騎摩托車經過容易跌倒,6300200
165751,2016-9-28 12:23,梅姬颱風,roadbed loss,120.325477,22.604875,高雄市,前鎮區,高雄市前鎮區瑞豐里瑞隆路623號,瑞豐里瑞隆路623號前，大馬路上路面龜裂恐下陷，目前已放三角椎,6400900
165798,2016-9-28 12:16,梅姬颱風,rock fall,120.492118,23.373972,嘉義縣,中埔鄉,嘉義縣中埔鄉三層村官真閂5號,土石崩影響道路交通家裡有2位老人無法出來(家屬正從北部南下)2.會等雨小再派人清理土石，目前老人家一切安全，並已連絡黃先生。3.中埔公所陳聖維先生說預估下午5、6點清理完畢,1001013
165811,2016-9-28 12:15,梅姬颱風,roadbed loss,121.5717,25.03264,臺北市,信義區,信義路五段17號信義分局前方斑馬線上,一個坑洞在側邊馬路上，大小約1個半籃球大，深度約10公分,6300200
165963,2016-9-28 12:01,梅姬颱風,rock fall,120.379185,22.788999,高雄市,燕巢區,高雄市燕巢區東燕里中民路61巷3之22號,淹?民宅,6402100
166134,2016-9-28 11:47,梅姬颱風,rock fall,121.732698,25.129951,基隆市,安樂區,基隆市安樂區崇德路82巷42號,"基隆市安樂區崇德路82巷42號,土石掏空,大樹滑落",1001706
166343,2016-9-28 11:32,梅姬颱風,debris flow,120.372681,22.789307,高雄市,燕巢區,高雄市燕巢區深水里靜合醫院對面,靜合醫院對面4米路旁山壁崩落，土石滑動，請通知報案人,6402100
166381,2016-9-28 11:28,梅姬颱風,slope slump,120.630614,23.547448,嘉義縣,梅山鄉,嘉義縣梅山鄉瑞峰村瑞峰國小南側產業道路上下方坍方,阻斷竹坑溪步道通行,1001015
166438,2016-9-28 11:25,梅姬颱風,rock fall,121.739346,25.113567,基隆市,仁愛區,基隆市仁愛區南榮路200巷4號,對面山坡崩坍，有影響排水之虞。,1001704
166495,2016-9-28 11:22,梅姬颱風,debris flow,121.536856,23.835679,花蓮縣,壽豐鄉,花蓮縣壽豐鄉月眉村,月眉村花193線29K~米棧村花193線46K多處坍方阻礙交通,1001506
166543,2016-9-28 11:19,梅姬颱風,road blockage,120.555844,22.982681,高雄市,杉林區,高雄市杉林區新庄里,新和社區簡易自來水源頭往井子角道路崩塌不能通行,6403400
166547,2016-9-28 11:19,梅姬颱風,rock fall,120.465647,22.880221,高雄市,旗山區,高雄市旗山區三協里台28線27K,旗山區三協里台28線27K處土石滑落佔2車道,6403000
166580,2016-9-28 11:16,梅姬颱風,rock fall,120.461412,22.81395,高雄市,旗山區,高雄市旗山區南勝里台29線,旗山區南勝里台29線往大樹方向土石崩落單向通行,6403000
166646,2016-9-28 11:11,梅姬颱風,road blockage,120.628378,23.588153,嘉義縣,梅山鄉,嘉義縣梅山鄉龍眼村151線後棟,近古坑鄉樟湖村與本鄉交接處多處落石,1001015
166699,2016-9-28 11:08,梅姬颱風,roadbed loss,121.5356,24.99604,臺北市,中正區,"往新店方向，在路燈180-181之間快到師大路，在外側車道，橋面上,地標:水源快速道路",坑洞約70*70cm,6300500
166710,2016-9-28 11:07,梅姬颱風,roadbed loss,121.5343,25.0446,臺北市,大安區,大安區八德路二段16號,路面坑洞,6300300
166734,2016-9-28 11:05,梅姬颱風,rock fall,120.524418,23.462495,嘉義縣,番路鄉,嘉義縣番路鄉新福村五虎寮,嘉126-1五虎寮道路落石多處，影響交通,1001016
166814,2016-9-28 10:59,梅姬颱風,roadbed loss,121.5547,25.0417,臺北市,大安區,忠孝東路4段289號路面坑洞,路面坑洞,6300300
166865,2016-9-28 10:55,梅姬颱風,road blockage,120.621047,23.632997,雲林縣,古坑鄉,雲林縣古坑鄉149縣道32-33阿比加咖啡附近落石,道路落石,1000907
166900,2016-9-28 10:52,梅姬颱風,roadbed loss,121.5281,25.06285,臺北市,中山區,民權東路二段1號前方快車道上,"快車道上有坑洞,長30公分、寬10幾公分、深5公分",6300400
166909,2016-9-28 10:51,梅姬颱風,road blockage,120.620382,23.475119,嘉義縣,番路鄉,嘉義縣番路鄉大湖村5鄰大凹,大湖村5鄰大凹地區村里道路、10鄰火燒?地區村里道路均土石滑落，無法通行。,1001016
169086,2016-9-28 10:50,梅姬颱風,rock fall,121.5711,24.96462,臺北市,文山區,老泉街26巷與45巷，整路,沿路落石掉落影響通行,6300800
166957,2016-9-28 10:48,梅姬颱風,roadbed loss,121.5196,25.06305,臺北市,中山區,民權西路79號前方馬路近斑馬線,路面下陷30*30公分,6300400
166993,2016-9-28 10:45,梅姬颱風,debris flow,120.562944,22.98661,高雄市,杉林區,高雄市杉林區杉林里,白水泉道路土石滑落及竹子倒塌,6403400
167108,2016-9-28 10:39,梅姬颱風,roadbed loss,121.5281,25.06285,臺北市,中山區,民權東路二段1號前,路面坑洞有一公尺長深10幾公分,6300400
167129,2016-9-28 10:38,梅姬颱風,rock fall,120.562944,22.98661,高雄市,杉林區,高雄市杉林區杉林里,普賢靈修院道路土石滑落無法通行,6403400
167160,2016-9-28 10:36,梅姬颱風,road blockage,120.642512,23.408435,嘉義縣,番路鄉,嘉義縣番路鄉公興村,阿里山公路(台18線)34.8K及56K處道路坍方無法通行。42K及50.5K土石流佔據半個路面，另41.8K處不通。,1001016
167240,2016-9-28 10:33,梅姬颱風,road blockage,120.688335,22.669456,屏東縣,瑪家鄉,屏東縣瑪家鄉,涼山村牛角灣溪旁道路有坍方現象無法通行請派員處理,1001328
155572,2016-9-28 10:31,梅姬颱風,slope slump,120.647713,22.709143,屏東縣,瑪家鄉,屏東縣瑪家鄉北葉村,往北葉國小就是瑪家分隊上方道路有邊坡坍方，造成學童上放學交通阻礙危險，請派員處理,1001328
155576,2016-9-28 10:30,梅姬颱風,road blockage,120.802942,22.748021,屏東縣,霧臺鄉,屏東縣霧臺鄉,1.台24線42K處道路落石及樹木斷枝阻斷交通,1001327
167295,2016-9-28 10:28,梅姬颱風,road blockage,120.612632,23.417387,嘉義縣,番路鄉,嘉義縣番路鄉公興村7鄰腦?地區,公興村7鄰台18線往腦?地區村里道路全線無法通車。,1001016
155641,2016-9-28 10:25,梅姬颱風,road blockage,120.639904,23.552859,嘉義縣,梅山鄉,嘉義縣梅山鄉瑞里村166線,沿線多處落石路樹倒伏,1001015
155679,2016-9-28 10:22,梅姬颱風,road blockage,120.573093,23.553221,嘉義縣,梅山鄉,嘉義縣梅山鄉安靖村嘉115線,1.沿線落石路樹倒伏2.村長已先行處理部分災情,1001015
155765,2016-9-28 10:17,梅姬颱風,slope slump,120.622041,23.54346,嘉義縣,梅山鄉,嘉義縣梅山鄉太興村154線泰興岩旁,道路崩塌影響道路通行,1001015
155769,2016-9-28 10:17,梅姬颱風,road blockage,120.647939,22.703441,屏東縣,瑪家鄉,屏東縣瑪家鄉瑪家村,往舊瑪家的北瑪道路多處有落石坍坊，人車無法通行,1001328
155782,2016-9-28 10:16,梅姬颱風,debris flow,120.562944,22.98661,高雄市,杉林區,高雄市杉林區,杉林里高129線(從第四公墓旁)往內灣土石流道路未通,6403400
167379,2016-9-28 10:09,梅姬颱風,slope slump,121.6097,25.05061,臺北市,南港區,忠孝東路七段478巷12號,邊坡落石影響交通,6300900
155918,2016-9-28 10:07,梅姬颱風,rock fall,121.707011,25.144161,基隆市,安樂區,基隆市安樂區,"基隆市安樂區內寮澳底產業道路,快到湖海路涼亭前,有落石狀況",1001706
155929,2016-9-28 10:07,梅姬颱風,rock fall,120.562944,22.98661,高雄市,杉林區,高雄市杉林區集來里,火山橋前(台29線)250公尺處土石滑落,6403400
167436,2016-9-28 10:01,梅姬颱風,rock fall,121.5918,24.96869,臺北市,文山區,指南路38巷37-1號前150公尺土石崩落,指南路38巷37-1號前150公尺土石崩落,6300800
167446,2016-9-28 10:00,梅姬颱風,road blockage,120.629629,23.57383,嘉義縣,梅山鄉,嘉義縣梅山鄉碧湖村162甲線,1.太平往碧湖村沿線落石樹倒2.小車可通行.目前處理中,1001015
156085,2016-9-28 09:57,梅姬颱風,debris flow,120.69137,23.10321,高雄市,六龜區,高雄市六龜區寶來里高133線寶來0K+500沿線,多處土石流,6403200
156091,2016-9-28 09:57,梅姬颱風,rock fall,120.621047,23.632997,雲林縣,古坑鄉,雲林縣古坑鄉牛奶村小坍方,古坑鄉牛奶村小坍方(一萬方)(古坑鄉災害應變中心通報)，影響通行,1000907
156102,2016-9-28 09:56,梅姬颱風,debris flow,120.69137,23.10321,高雄市,六龜區,高雄市六龜區寶來里新寶來溫泉山莊,土石流沖刷至路面，無法通行,6403200
167458,2016-9-28 09:55,梅姬颱風,rock fall,121.060625,24.636007,新竹縣,北埔鄉,新竹縣北埔鄉外坪村6鄰觀音仙水往永茂山莊農路約500公尺處及600公尺處,土石坍塌(大石塊無法移除，樹倒已先行移除),1000409
156178,2016-9-28 09:51,梅姬颱風,slope slump,120.543859,23.072487,臺南市,南化區,臺南市南化區玉山里,臺20線雲山寺前48.5K、50-51K，土石崩落，目前無法通行。,6702500
167484,2016-9-28 09:49,梅姬颱風,roadbed loss,121.5654,25.06665,臺北市,松山區,撫遠街411號前方快車道,100公分長及30公分深坑洞,6300100
156214,2016-9-28 09:48,梅姬颱風,rock fall,120.562944,22.98661,高雄市,杉林區,高雄市杉林區,杉林大橋往內灣方向土石崩落,6403400
156255,2016-9-28 09:45,梅姬颱風,rock fall,120.668127,23.002111,高雄市,六龜區,高雄市六龜區新發里媽祖廟,土砂下移至路面，阻礙通行,6403200
156286,2016-9-28 09:44,梅姬颱風,debris flow,120.392033,22.662365,高雄市,鳥松區,高雄市鳥松區中山西路115號,華美公園後方土石流落,6401800
156388,2016-9-28 09:36,梅姬颱風,slope slump,120.802942,22.748021,屏東縣,霧臺鄉,屏東縣霧臺鄉,1.台24線35.6處土石坍方交通中斷,1001327
156418,2016-9-28 09:34,梅姬颱風,slope slump,121.282099,24.5963,新竹縣,尖石鄉,新竹縣尖石鄉,司馬庫斯聯絡道1K+300.2K+00處土石坍塌及落石,1000412
156419,2016-9-28 09:34,梅姬颱風,debris flow,120.48527,23.322312,臺南市,白河區,臺南市白河區關嶺里172線42.5K,關嶺里172線42.5K,6700300
167548,2016-9-28 09:34,梅姬颱風,roadbed loss,121.5053,25.11692,臺北市,北投區,尊賢街245巷40號前方,路面有一坑洞(不確定大小),6301200
156439,2016-9-28 09:33,梅姬颱風,slope slump,121.282099,24.5963,新竹縣,尖石鄉,新竹縣尖石鄉,竹60縣道29.5K土石坍塌道路中斷,1000412
156451,2016-9-28 09:32,梅姬颱風,roadbed loss,121.282099,24.5963,新竹縣,尖石鄉,新竹縣尖石鄉,竹60縣道比鱗橋往部落方向1.5K處地基塌陷,1000412
156465,2016-9-28 09:31,梅姬颱風,slope slump,121.282099,24.5963,新竹縣,尖石鄉,新竹縣尖石鄉,竹58縣道往上水田方向100公尺處坍方，單向通車,1000412
156481,2016-9-28 09:30,梅姬颱風,rock fall,120.621733,23.464674,嘉義縣,番路鄉,嘉義縣番路鄉大湖村8鄰雙溪地區,大湖村8鄰雙溪地區三處土石滑落，道路無法通行。,1001016
156486,2016-9-28 09:30,梅姬颱風,road blockage,121.282099,24.5963,新竹縣,尖石鄉,新竹縣尖石鄉,竹58縣道2.5K處土石坍塌及落石,1000412
156510,2016-9-28 09:29,梅姬颱風,roadbed loss,121.282099,24.5963,新竹縣,尖石鄉,新竹縣尖石鄉,秀巒村6鄰往錦路泰崗林道1公里路基坍方,1000412
156712,2016-9-28 09:15,梅姬颱風,rock fall,121.678624,25.10527,基隆市,七堵區,基隆市七堵區,泰安產業道路(附近無門牌)邊坡土石滑落影響通行(大約位置：泰安市民農場往上走500公尺處。),1001702
156821,2016-9-28 09:06,梅姬颱風,rock fall,120.465764,22.84847,高雄市,旗山區,高雄市旗山區中寮一路高40線,"旗山區中寮里中寮一路高40線,崑山宮牌樓前約100M至200M,土石坍方,阻斷交通,無法通行",6403000
156884,2016-9-28 09:00,梅姬颱風,road blockage,120.444928,22.78191,高雄市,旗山區,高雄市旗山區南勝里龍文巷42號,旗山區南勝里龍文巷42號房屋淹一半,6403000
156915,2016-9-28 08:57,梅姬颱風,rock fall,120.472632,22.956792,高雄市,內門區,高雄市內門區旗山巷,往實踐大學方向土石崩落機車道無法通行,6403500
157007,2016-9-28 08:48,梅姬颱風,debris flow,120.48527,23.322312,臺南市,白河區,臺南市白河區關嶺里172乙線碧雲寺附近,172乙線碧雲寺附近有落石土坊及樹木倒塌。,6700300
157296,2016-9-28 08:23,梅姬颱風,rock fall,120.48527,23.322312,臺南市,白河區,臺南市白河區關嶺里175線7.5公里處,關嶺里175線7.5公里處土石滑落路面,6700300
157340,2016-9-28 08:20,梅姬颱風,road blockage,120.857308,23.223429,高雄市,桃源區,高雄市桃源區台20線95K,桃源區台20線95公里處道路因土石阻斷封閉,6403700
167790,2016-9-28 08:17,梅姬颱風,rock fall,120.72694,23.715264,南投縣,竹山鎮,南投縣竹山鎮瑞竹里,瑞竹里鯉南路與麻埔農路交接口土石淤積,1000804
157393,2016-9-28 08:15,梅姬颱風,road blockage,120.715776,23.559799,嘉義縣,梅山鄉,嘉義縣梅山鄉太和村162線7K及162甲線49K,道路不通影響交通安全,1001015
167816,2016-9-28 08:14,梅姬颱風,rock fall,121.5556,25.15362,臺北市,士林區,新園街75巷15號號,有土石崩落，請處理,6301100
157418,2016-9-28 08:12,梅姬颱風,road blockage,120.62143,23.556522,嘉義縣,梅山鄉,嘉義縣梅山鄉太平村162甲線及154線,沿線多處落石及路樹倒伏,1001015
157462,2016-9-28 08:10,梅姬颱風,road blockage,120.730852,23.269992,高雄市,那瑪夏區,高雄市那瑪夏區,1、台29線那瑪夏往甲仙段土石崩落造成道路封閉。2、台29線那瑪夏往達卡努瓦里處也因土石崩落造成道路封閉。,6403800
157470,2016-9-28 08:09,梅姬颱風,slope slump,120.759362,24.223842,臺中市,豐原區,臺中市豐原區東陽路清谷巷3號,土石坍方無法通行，且停電,6600900
157487,2016-9-28 08:07,梅姬颱風,slope slump,121.155639,24.083808,南投縣,仁愛鄉,南投縣仁愛鄉大同村,投89線23k處坍方，車輛無法通行。,1000813
157620,2016-9-28 07:53,梅姬颱風,slope slump,120.674164,23.542069,嘉義縣,梅山鄉,嘉義縣梅山鄉瑞里村4鄰及7鄰,村里道路坍方無法通行,1001015
157673,2016-9-28 07:48,梅姬颱風,slope slump,120.420293,22.917692,高雄市,內門區,高雄市內門區內東里,內門區內東里-高182市道過7號橋(30.8K)邊坡土石滑落，道路不通，造成交通中斷。,6403500
157691,2016-9-28 07:47,梅姬颱風,rock fall,120.386914,22.744877,高雄市,大社區,高雄市大社區大同路,"高雄市大社區大同路邊坡土石崩落,已派開口合約廠商處理",6401600
157701,2016-9-28 07:46,梅姬颱風,slope slump,120.662817,22.525366,屏東縣,來義鄉,屏東縣來義鄉義林村發東東附近,本鄉義林村發咚咚附近(二丰圳水源頭)邊坡蛇籠遭沖毀長約30公尺河水蔓延至道路,1001330
167906,2016-9-28 07:42,梅姬颱風,roadbed loss,121.4993,25.03622,臺北市,萬華區,三水街西園路口,自來水廠挖洞未補平,6300700
157748,2016-9-28 07:40,梅姬颱風,rock fall,121.127396,24.673475,新竹縣,橫山鄉,新竹縣橫山鄉南昌村4鄰18-2號,新竹縣橫山鄉南昌村薯園道路約3.2KM附近崩塌致道路中斷,1000408
157774,2016-9-28 07:37,梅姬颱風,roadbed loss,121.282099,24.5963,新竹縣,尖石鄉,新竹縣尖石鄉,"石磊道路3k+400處坍方路基完全流失,長度約50公尺,道路中斷人車完全無法通行.影響4個部落150戶居民,約450人.懇請盡速派財政及主計及原住民族行政處等單位前往現勘.",1000412
157806,2016-9-28 07:33,梅姬颱風,rock fall,120.354465,23.052705,臺南市,新化區,臺南市新化區羊林里羊子寮6號,臺南市新化區羊林里羊子寮6號邊坡塌陷致路面,6701800
157844,2016-9-28 07:26,梅姬颱風,road blockage,121.282099,24.5963,新竹縣,尖石鄉,新竹縣尖石鄉,  ==================== 秀巒往田埔方向29公里處，有兩處坍方，人車無法通行 ,1000412
157861,2016-9-28 07:25,梅姬颱風,roadbed loss,121.282099,24.5963,新竹縣,尖石鄉,新竹縣尖石鄉,  ==================== 玉峰往石磊4k處 ,1000412
168011,2016-9-28 06:59,梅姬颱風,slope slump,121.5182,25.14289,臺北市,北投區,泉源路-惇敘工商,惇敘工商至鼎筆橋落石 及路樹傾倒影響通行,6301200
168039,2016-9-28 06:36,梅姬颱風,slope slump,121.5052,25.1386,臺北市,北投區,泉源路十八份產業道路0K+50,落石影響通行,6301200
158104,2016-9-28 06:28,梅姬颱風,debris flow,120.335288,23.036076,臺南市,新化區,臺南市新化區山腳里溪湖靈隱寺,西湖靈隱寺(自168線出入往尖山方向)，有土石掩埋道路，民眾無法出入。,6701800
158193,2016-9-28 05:57,梅姬颱風,rock fall,120.461093,22.832128,高雄市,旗山區,高雄市旗山區新光里13鄰後厝巷13號,里長打電話反映後厝巷後方大片土石崩落,6403000
158260,2016-9-28 04:48,梅姬颱風,rock fall,120.47234,22.875912,高雄市,旗山區,高雄市旗山區竹寮巷,東平里竹寮巷(靠近旗山地景橋處)高113號道路，已經有土石崩落，目前整條道路已經無法通行，請養工處派大型機具予以清通,6403000
158270,2016-9-28 04:40,梅姬颱風,rock fall,120.465764,22.84847,高雄市,旗山區,高雄市旗山區中寮一路,新光里里長陳里長來電表示，里內中寮山地區土石崩落，阻礙交通 ,6403000
158463,2016-9-28 02:10,梅姬颱風,slope slump,120.4601,23.350447,臺南市,白河區,臺南市白河區,民眾電話通報麒麟隧道附近土石崩塌阻路，可通行寬度不足一個車道寬,6700300
158673,2016-9-28 00:42,梅姬颱風,slope slump,120.583363,23.012243,高雄市,杉林區,高雄市杉林區集來里,集來中庄產業道路崩塌,6403400
159479,2016-9-27 22:44,梅姬颱風,debris flow,121.517076,24.094354,花蓮縣,秀林鄉,花蓮縣秀林鄉,依據水保局第8報通報單，秀林鄉25條.光復鄉18條.豐濱鄉16條.鳳林鎮9條，共68條潛勢西劉發佈黃色警戒，秀林鄉富世村2條潛勢溪流紅色警戒，通知鄉鎮公所疏散撤離。,1001511
159565,2016-9-27 22:36,梅姬颱風,roadbed loss,121.340356,24.838134,桃園市,復興區,桃園市復興區三民里17鄰72號,三民里17鄰72號前路基掏空 16:50先行撤離周邊住戶，共4戶14人，後續提報災害復建工程,6801300
160722,2016-9-27 21:00,梅姬颱風,road blockage,120.207184,23.719189,雲林縣,臺西鄉,雲林縣臺西鄉崙豐路與信義路口,路上掉落大量瓦片影響交通安全,1000916
161497,2016-9-27 20:12,梅姬颱風,road blockage,120.937884,24.466097,苗栗縣,泰安鄉,苗栗縣泰安鄉錦水村,一、苗62線萊爾富往文物館延線有小落石。二、泰安觀止往龍山部落延線馬路有樹枝,1000518
161579,2016-9-27 20:07,梅姬颱風,slope slump,121.067656,24.669005,新竹縣,北埔鄉,新竹縣北埔鄉外坪村,竹37線13.5公里處土石坍方,1000409
147018,2016-9-27 19:49,梅姬颱風,debris flow,121.05278,24.680142,新竹縣,北埔鄉,新竹縣北埔鄉南坑村,竹37線冷泉瀑布土石坍方,1000409
147699,2016-9-27 19:03,梅姬颱風,debris flow,121.321936,24.34827,臺中市,和平區,臺中市和平區平等里,平等里中興路一段與武陵路口有土石流發生，已將周邊住戶暫時安置在武陵國民賓館，也已通報谷關工務段搶修。,6602900
147932,2016-9-27 18:46,梅姬颱風,slope slump,120.919624,24.522807,苗栗縣,獅潭鄉,苗栗縣獅潭鄉,苗22線10.5K處道路坍方，阻礙交通,1000517
161920,2016-9-27 18:34,梅姬颱風,rock fall,121.374235,24.695024,桃園市,復興區,桃園市復興區高義里中高義部落,中高義部落下方500公尺處，邊坡坍塌,6801300
148155,2016-9-27 18:30,梅姬颱風,road blockage,121.123572,24.645099,新竹縣,五峰鄉,新竹縣五峰鄉大隘村,大隘村幹事於18：20分通報大隘嵾通往第二公墓道路中斷 請本所處理,1000413
148808,2016-9-27 17:50,梅姬颱風,rock fall,120.886087,24.44461,苗栗縣,大湖鄉,苗栗縣大湖鄉富興村,苗62線3.9公里往清安老街入口處落石，民眾必須從外環通行,1000508
150133,2016-9-27 16:45,梅姬颱風,road blockage,121.541658,24.544504,宜蘭縣,大同鄉,宜蘭縣員山鄉台七線108.5K往粗坑方向,落石影響通行,1000211
162157,2016-9-27 16:30,梅姬颱風,rock fall,121.374235,24.695024,桃園市,復興區,桃園市復興區高義里,榮華派出所前坍方，道路中斷,6801300
150428,2016-9-27 16:29,梅姬颱風,road blockage,120.676365,23.845686,南投縣,名間鄉,南投縣名間鄉,本鄉中山國小、名崗國小前路樹倒塌至路中間阻礙交通，請協助派員處理，謝謝。,1000806
150752,2016-9-27 16:09,梅姬颱風,road blockage,119.53125,23.632573,澎湖縣,西嶼鄉,澎湖縣西嶼鄉合界村,合界和竹灣城間入口，三色號誌燈快要掉落。,1001604
150891,2016-9-27 16:01,梅姬颱風,rock fall,121.517076,24.094354,花蓮縣,秀林鄉,花蓮縣秀林鄉,秀林鄉銅門二號落石影響交通,1001511
151148,2016-9-27 15:45,梅姬颱風,roadbed loss,121.5146,25.0896,桃園市,,龜山區光峰路2之1號,案件編號:00423020主旨:路基掏空內文：(1999無email，不清楚可與民眾電話聯繫)民眾反映龜山區光峰路2之1號對面，漢堡大師門口馬路邊有洞，雨水沖刷有路基掏空的現象，民眾擔心會坍塌，煩請相關單位協處。,#N/A
151322,2016-9-27 15:36,梅姬颱風,debris flow,121.139316,24.584118,新竹縣,五峰鄉,新竹縣五峰鄉,竹122縣31k全線中斷無法通行(約五指山附近),1000413
151482,2016-9-27 15:27,梅姬颱風,slope slump,121.074633,24.720937,新竹縣,竹東鎮,新竹縣竹東鎮南清公路28.5公里處邊坡坍方,新竹縣竹東鎮南清公路28.5公里處邊坡坍方,1000402
152279,2016-9-27 14:46,梅姬颱風,roadbed loss,120.211938,22.988605,臺南市,東區,臺南市東區大同路及林森路 路口,路口人行道有地基下陷   約臉盆大 ==================== 臺南市東區路東里林森路一段1號(拉麵店旁行人穿越道)路面地基下陷 ,6703200
152468,2016-9-27 14:38,梅姬颱風,road blockage,121.157613,24.080242,南投縣,仁愛鄉,南投縣仁愛鄉大同村,投89線14.5k處土石坍方,1000813
152823,2016-9-27 14:22,梅姬颱風,slope slump,121.136713,23.961156,南投縣,仁愛鄉,南投縣仁愛鄉親愛村,親愛村往奧萬大聯絡道6.5k處土石坍方,1000813
155151,2016-9-27 12:00,梅姬颱風,rock fall,121.273912,24.598281,新竹縣,尖石鄉,新竹縣尖石鄉尖石竹60-1線7k處(落石坍方)," 因持續有零星落石掉落,建議先行封路以維護民眾生命財產安全.",1000412
155177,2016-9-27 11:57,梅姬颱風,road blockage,121.104183,24.668137,新竹縣,竹東鎮,新竹縣竹東南清公路鎮軟橋27.6公里處,1.新竹縣竹東南清公路鎮軟橋27.6公里處，邊坡有落石，目前只能單向通車。 2.已通報縣府養護科處理。 3.12：20上坪所回報：已先將石頭移至路邊並置放三角錐及警戒線，後續請養護科協助。,1000402
155191,2016-9-27 11:56,梅姬颱風,slope slump,121.273912,24.598281,新竹縣,尖石鄉,新竹縣尖石鄉下田埔道路(崩塌), 目前因線廠風強雨勢大.等雨勢趨緩後立即前往清除.,1000412
155267,2016-9-27 11:48,梅姬颱風,road blockage,121.309147,24.180153,花蓮縣,秀林鄉,花蓮縣秀林鄉富世村,台14甲線42k處土石坍方,1001511
155377,2016-9-27 11:37,梅姬颱風,road blockage,121.276102,24.228651,南投縣,仁愛鄉,南投縣仁愛鄉榮興村,台8線106k處土石坍方,1000813
155384,2016-9-27 11:36,梅姬颱風,rock fall,120.688335,22.669456,屏東縣,瑪家鄉,屏東縣瑪家鄉,屏35線往北葉國小道路邊坡崩落坍坊，請派員處理,1001328
146253,2016-9-27 11:25,梅姬颱風,debris flow,121.139316,24.584118,新竹縣,五峰鄉,新竹縣五峰鄉,竹林村忠興第1部落坍方,1000413
155501,2016-9-27 11:16,梅姬颱風,slope slump,121.203146,24.181895,南投縣,仁愛鄉,南投縣仁愛鄉翠華村,翠華村華岡水源地農路1.8k處坍方。,1000813
146372,2016-9-27 11:11,梅姬颱風,road blockage,121.149845,24.053675,南投縣,仁愛鄉,南投縣仁愛鄉大同村,投89線力行產業道路4k處土石流。,1000813
146387,2016-9-27 11:09,梅姬颱風,road blockage,120.921051,24.471049,苗栗縣,泰安鄉,苗栗縣泰安鄉八卦村,"八卦聯絡道星宿露營區旁上邊坡土石滑落,目前單向通行",1000518
146402,2016-9-27 11:06,梅姬颱風,road blockage,120.942383,24.359204,苗栗縣,泰安鄉,苗栗縣泰安鄉象鼻村,"象鼻村大安聯絡道路象鼻吊橋落石,車輛無法通行,己責成廠商前往清除",1000518
146734,2016-9-27 10:01,梅姬颱風,debris flow,121.139316,24.584118,新竹縣,五峰鄉,新竹縣五峰鄉,竹122縣34.3K坍方,1000413
162612,2016-9-27 10:01,梅姬颱風,debris flow,121.139316,24.584118,新竹縣,五峰鄉,新竹縣五峰鄉,竹122縣34.3K坍方 ==================== 竹122縣34.3K坍方 ,1000413
146818,2016-9-27 09:45,梅姬颱風,road blockage,121.065313,24.672556,新竹縣,北埔鄉,新竹縣北埔鄉,已納入災害搶修搶險工程開口契約辦理.,1000409
146826,2016-9-27 09:41,梅姬颱風,debris flow,121.139316,24.584118,新竹縣,五峰鄉,新竹縣五峰鄉,竹122縣34.3K坍方,1000413
146861,2016-9-27 09:27,梅姬颱風,slope slump,121.371546,24.807266,桃園市,復興區,桃園市復興區霞雲里,07:00桃112線1.3km處再次落石，僅單向通行。,6801300
162616,2016-9-27 09:26,梅姬颱風,roadbed loss,120.947562,24.819581,新竹市,北區,新竹市北區南隘路二段109號對面,路面掏空,1001802
146871,2016-9-27 09:24,梅姬颱風,roadbed loss,121.267412,23.130918,花蓮縣,富里鄉,花蓮縣富里鄉豐南村14鄰27之1號,花82線道路上下邊坡均有滑落情形,1001510
146916,2016-9-27 09:10,梅姬颱風,slope slump,121.382167,24.789832,桃園市,復興區,桃園市復興區義盛里,義盛里7鄰部落和平橋前土石滑落，影響里民通行。影響住戶1戶2人。,6801300
146933,2016-9-27 09:02,梅姬颱風,debris flow,121.139316,24.584118,新竹縣,五峰鄉,新竹縣五峰鄉,和平仙湖露營區附近人車無法通過,1000413
146936,2016-9-27 09:00,梅姬颱風,debris flow,121.139316,24.584118,新竹縣,五峰鄉,新竹縣五峰鄉,南清道路37.5k落石,1000413
146948,2016-9-27 08:57,梅姬颱風,debris flow,121.139316,24.584118,新竹縣,五峰鄉,新竹縣五峰鄉,茅圃產業道路(涼山道)落石坍方,1000413
146120,2016-9-27 00:46,梅姬颱風,roadbed loss,121.4977,25.02033,臺北市,萬華區,萬大路456號,該處有2個坑洞,6300700
146172,2016-9-26 20:20,梅姬颱風,slope slump,121.371675,24.807538,桃園市,復興區,桃園市復興區霞雲里,112線1.2km處落石土石崩落僅單向通行。 ==================== 桃112線清龍谷土石崩落，影響交通僅單向通行。 ,6801300
146200,2016-9-26 16:43,梅姬颱風,roadbed loss,120.407228,23.657446,雲林縣,大埤鄉,雲林縣大埤鄉聯美村聯美大橋附近聯美堤防,大埤鄉聯美村聯美堤防上方道路發現掏空一處，堤防里程2K*700，面積約1平方公尺，深度約2公尺。本所已做警示設施，已通知五河局辦理改善。第五河川局於9月26日下午9時30分左右已填補路面完成，,1000908
143001,2016-9-15 13:47,莫蘭蒂颱風,debris flow,120.389581,22.594468,高雄市,大寮區,高雄市大寮區內坑路109-47號,住家後私人山坡地滑落,6401400
143089,2016-9-15 13:33,莫蘭蒂颱風,rock fall,120.391898,22.658713,高雄市,鳥松區,高雄市鳥松區華美里中山西路公園後方,高雄市鳥松區華美里中山西路公園後方土石崩落,6401800
143366,2016-9-15 12:34,莫蘭蒂颱風,road blockage,118.321348,24.429636,金門縣,金城鎮,金門縣金城鎮東門里31鄰環島西路38號,莒光橋紅綠燈掉落，再往轉進去前往莒光樓前面路上有兩棵大樹路倒影響交通,902001
141398,2016-9-15 12:10,莫蘭蒂颱風,road blockage,121.482525,22.6457,臺東縣,綠島鄉,臺東縣綠島鄉南寮村,沙石及浮木推基於環島公路上,1001411
141520,2016-9-15 11:37,莫蘭蒂颱風,roadbed loss,120.349282,22.742972,高雄市,大社區,高雄市大社區保社里中正路325號,民眾通報本區保社里中正路325號前路基淘空，影響通行安全，請派員處理。,6401600
141693,2016-9-15 11:11,莫蘭蒂颱風,roadbed loss,120.163225,22.985509,臺南市,安平區,臺南市安平區,安億橋上(北往南方向)道路有坑洞,6703600
142200,2016-9-15 10:01,莫蘭蒂颱風,roadbed loss,120.324304,22.631243,高雄市,苓雅區,高雄市苓雅區正言里16鄰大順三路62號,"大順三路近家樂福馬路有一約長120?60淘空,請填補",6400800
140993,2016-9-15 08:13,莫蘭蒂颱風,rock fall,120.732632,22.078157,屏東縣,車城鄉,屏東縣車城鄉統埔往四重溪方向,2016/09/15 08:13:36 - 道路遭土石坍方(長5公尺*寬3公尺)影響單向通車統埔電線桿倒塌福安路路樹倒塌,1001323
141130,2016-9-15 07:20,莫蘭蒂颱風,rock fall,121.105511,22.753865,臺東縣,臺東市,台東縣台東市台東大橋,臺東大橋土石崩落 ==================== 2016/09/15 07:20:10 - 報案人謝先生轉述：該地點道路落石影響交通安全。 ,1001401
140875,2016-9-15 07:10,莫蘭蒂颱風,debris flow,121.053547,22.753158,臺東縣,臺東市,臺東縣臺東市青海路一段280號,土石流沖進民宅,1001401
141138,2016-9-15 07:10,莫蘭蒂颱風,debris flow,121.053547,22.753158,臺東縣,臺東市,臺東縣臺東市青海路一段280號,臺東市建和里青海路一段280號土石流沖入民宅 ==================== 土石流沖進民宅 ,1001401
140890,2016-9-15 07:04,莫蘭蒂颱風,debris flow,121.063654,22.893495,臺東縣,延平鄉,臺東縣延平鄉紅葉村,紅葉村東36縣松楓橋往紅葉部落路段土石崩落，目前人車無法通行。,1001413
141229,2016-9-15 07:04,莫蘭蒂颱風,debris flow,121.063654,22.893495,臺東縣,延平鄉,臺東縣延平鄉紅葉村,第二次-紅葉村東36縣瓦剛橋前土石流，目前人車無法通行,1001413
140902,2016-9-15 06:52,莫蘭蒂颱風,slope slump,120.923553,22.464102,臺東縣,達仁鄉,臺東縣達仁鄉台?村,通往台?路段明隧道坍方聯外道路中斷，已聯絡開口契約廠商處理中,1001415
140905,2016-9-15 06:50,莫蘭蒂颱風,debris flow,121.00756,22.88668,臺東縣,延平鄉,臺東縣延平鄉,桃源村舊鹿鳴，王克強、胡哲瑋、胡文華宅旁土石流，沖毀道路難以通行，目前水尚從山上流。,1001413
140688,2016-9-15 06:37,莫蘭蒂颱風,road blockage,121.316762,23.433869,花蓮縣,卓溪鄉,花蓮縣卓溪鄉立山村,道路落石,1001513
140695,2016-9-15 06:34,莫蘭蒂颱風,road blockage,121.347337,23.436027,花蓮縣,卓溪鄉,花蓮縣卓溪鄉崙山村,道路有落石,1001513
140702,2016-9-15 06:31,莫蘭蒂颱風,debris flow,121.083342,22.904756,臺東縣,延平鄉,臺東縣延平鄉桃源村11鄰,桃源村二層坪土石流，無法通行。,1001413
140703,2016-9-15 06:30,莫蘭蒂颱風,slope slump,121.284091,23.298606,花蓮縣,卓溪鄉,花蓮縣卓溪鄉卓清村卓富橋,路邊有落石,1001513
140783,2016-9-15 05:50,莫蘭蒂颱風,debris flow,121.00756,22.88668,臺東縣,延平鄉,臺東縣延平鄉紅葉村2鄰38號,紅葉村2鄰後方土石崩落，目前已知2鄰38號房屋已遭沖失。,1001413
140788,2016-9-15 05:48,莫蘭蒂颱風,rock fall,121.063654,22.893495,臺東縣,延平鄉,臺東縣延平鄉紅葉村,紅葉村東36縣松楓橋附近、瓦剛橋前土石崩落，目前人車無法通行。,1001413
139855,2016-9-15 03:54,莫蘭蒂颱風,debris flow,120.989953,22.773698,臺東縣,卑南鄉,臺東縣卑南鄉,台東縣卑南鄉初鹿村水源頭3號有土石流 110受理,1001404
140093,2016-9-15 01:58,莫蘭蒂颱風,rock fall,120.98676,22.579472,臺東縣,太麻里鄉,臺東縣太麻里鄉,大武鄉台九線398.5公里處落石,1001409
140398,2016-9-15 00:07,莫蘭蒂颱風,debris flow,120.989953,22.773698,臺東縣,卑南鄉,臺東縣卑南鄉,卑南鄉鹿鳴橋橋頭土地公廟土石流,1001404
139613,2016-9-14 23:13,莫蘭蒂颱風,road blockage,120.722322,22.205047,屏東縣,獅子鄉,屏東縣獅子鄉楓林村7鄰16號,"屏東縣獅子鄉楓林村(新路社區)往公墓方向道路土石淤積,排水溝堵住",1001332
139628,2016-9-14 23:04,莫蘭蒂颱風,debris flow,121.240134,22.980742,臺東縣,東河鄉,臺東縣東河鄉加母子灣路段,台11線加母子灣路段有土石流(110轉報),1001407
139669,2016-9-14 22:34,莫蘭蒂颱風,debris flow,121.602753,23.994927,花蓮縣,花蓮市,花蓮縣花蓮市,依據行政院農委會第9報本縣共計2條土石流潛勢溪流達紅色警戒，136條土石流潛勢溪流達黃色警戒。,1001501
139071,2016-9-14 22:17,莫蘭蒂颱風,debris flow,121.046304,22.762829,臺東縣,卑南鄉,臺東縣卑南鄉東興村,水保局發布東縣DF055土石流紅色警戒，請相關單位針對保全戶作強制疏散撤離。,1001404
139711,2016-9-14 22:17,莫蘭蒂颱風,roadbed loss,120.527235,22.650686,屏東縣,麟洛鄉,屏東縣麟洛鄉麟蹄村中山路158號,屏東縣麟洛鄉麟蹄村中山路158號(麟洛鄉公所)前方馬路出現坑洞，影響交通安全。,1001307
139272,2016-9-14 21:10,莫蘭蒂颱風,rock fall,120.964714,22.527463,臺東縣,太麻里鄉,臺東縣太麻里鄉金崙村,"台9線415.5K處有落石,影響交通",1001409
137865,2016-9-14 19:05,莫蘭蒂颱風,slope slump,120.702816,22.406079,屏東縣,春日鄉,屏東縣春日鄉,公所轉報：古士道路146線7K處土石坍方，道路不通。公所回覆：先請村長封路。,1001331
138187,2016-9-14 18:27,莫蘭蒂颱風,rock fall,120.734014,22.082712,屏東縣,車城鄉,屏東縣車城鄉溫泉村,縣道33k處，有土石掉落，影響交通，請縣府立即處理。,1001323
138334,2016-9-14 18:13,莫蘭蒂颱風,road blockage,120.702816,22.406079,屏東縣,春日鄉,屏東縣春日鄉,屏 146線5K至 7K有3處塌陷 屏 132線 7.5K至 9K有3處塌陷,1001331
138635,2016-9-14 17:36,莫蘭蒂颱風,debris flow,121.403836,23.16949,臺東縣,成功鎮,臺東縣成功鎮忠孝里石傘路,台11 線103.5k道路邊坡土石滑落影響交通,1001402
139483,2016-9-14 16:58,莫蘭蒂颱風,road blockage,121.303825,24.196869,南投縣,仁愛鄉,南投縣仁愛鄉榮興村,台8線9K處落石坍方，交通中斷。,1000813
138762,2016-9-14 16:38,莫蘭蒂颱風,debris flow,120.37299,22.737572,高雄市,大社區,高雄市大社區186甲線往義大4k-4.5k,樹倒，5k-5.5k土石流 ,6401600
136244,2016-9-14 16:19,莫蘭蒂颱風,debris flow,120.644302,22.315222,屏東縣,獅子鄉,屏東縣獅子鄉南世村,"颱風過境恆春半島,雨勢過大造成南世村上方坡地土石下滑",1001332
136753,2016-9-14 15:25,莫蘭蒂颱風,slope slump,121.178186,23.053806,臺東縣,關山鎮,臺東縣關山鎮電光里東興75號,路癱停電,1001403
136907,2016-9-14 15:08,莫蘭蒂颱風,road blockage,120.802942,22.748021,屏東縣,霧臺鄉,屏東縣霧臺鄉,"台24線約28.5k有落石及樹木倒塌,影響人車通行",1001327
137102,2016-9-14 14:53,莫蘭蒂颱風,road blockage,120.257983,23.029033,臺南市,永康區,臺南市永康區永埔街71號前,前方路面有鐵門,6703100
137293,2016-9-14 14:37,莫蘭蒂颱風,rock fall,121.222787,22.930994,臺東縣,東河鄉,臺東縣東河鄉尚德村11鄰(東23),東23線-1，1.8K處土石塌方，通往東河泰源方向路不通。 ==================== 東23線-1，1.8K處土石塌方，通往東河泰源村方向路不通。 ,1001407
135511,2016-9-14 14:00,莫蘭蒂颱風,road blockage,121.154201,24.063452,南投縣,仁愛鄉,南投縣仁愛鄉大同村,投89線7K處發生土石流，交通中斷。,1000813
135578,2016-9-14 13:50,莫蘭蒂颱風,rock fall,121.149867,24.053714,南投縣,仁愛鄉,南投縣仁愛鄉大同村,投89線49K處（約土地公廟）有土石崩落，目前尚可通行。,1000813
135599,2016-9-14 13:45,莫蘭蒂颱風,roadbed loss,121.428018,23.640716,花蓮縣,光復鄉,花蓮縣光復鄉西富村民治街15號,光復鄉西富村民治街15號附近道路上地基流失，目前已由本所建設課封住該路段，另附近有替代道路可通行。,1001507
135665,2016-9-14 13:35,莫蘭蒂颱風,road blockage,121.526364,23.83963,花蓮縣,壽豐鄉,花蓮縣壽豐鄉,台9丙荖溪橋20公里落石影響交通,1001506
135675,2016-9-14 13:33,莫蘭蒂颱風,rock fall,121.236126,23.179146,花蓮縣,卓溪鄉,花蓮縣卓溪鄉古風村23鄰19號,23鄰21號黃海青住宅後方有土石崩落，泥沙流不出去。,1001513
137572,2016-9-14 12:21,莫蘭蒂颱風,slope slump,121.13358,23.980175,南投縣,仁愛鄉,南投縣仁愛鄉大同村,投83線萬大往霧社方向5K處土石坍方，僅小車尚可通行。,1000813
136084,2016-9-14 11:40,莫蘭蒂颱風,rock fall,121.424884,23.385682,臺東縣,長濱鄉,臺東縣長濱鄉三間村20鄰南溪,南溪部落通往20鄰道路有幾處土石坍方,1001408
136087,2016-9-14 11:30,莫蘭蒂颱風,rock fall,121.471067,23.376317,臺東縣,長濱鄉,臺東縣長濱鄉三間村三間屋台11線上,"位於三間屋社區通往大俱來社區間的馬路上,產業道路的土石衝向台11線馬路上",1001408
135264,2016-9-14 11:23,莫蘭蒂颱風,roadbed loss,120.374935,23.004619,臺南市,龍崎區,臺南市龍崎區土崎里土崎高分117右18前60公尺,臺南市龍崎區土崎里土崎高分117右18前60公尺，路基突起掏空影響出入安全,6703000
135268,2016-9-14 11:22,莫蘭蒂颱風,rock fall,121.492309,22.65902,臺東縣,綠島鄉,臺東縣綠島鄉,環島公路(公館至溫泉聚落)多處土石崩塌及海浪侵襲夾帶之沙石及浮木堆環島公路上，俟颱風過後將通知開口契約廠商進行清除工作。,1001411
136093,2016-9-14 11:10,莫蘭蒂颱風,rock fall,121.460874,23.401842,臺東縣,長濱鄉,臺東縣長濱鄉三間村17鄰南溪13號,民宅後方土石坍方,1001408
136095,2016-9-14 11:02,莫蘭蒂颱風,slope slump,121.131606,23.982724,南投縣,仁愛鄉,南投縣仁愛鄉大同村,投83線7K處道路坍方、8K處路樹及電線桿倒塌，交通中斷。,1000813
135320,2016-9-14 10:45,莫蘭蒂颱風,debris flow,121.168529,23.379532,花蓮縣,卓溪鄉,花蓮縣卓溪鄉,卓溪15富里8玉里24秀林27萬榮12瑞穗9豐濱16光復18鳳林9，共計138條土石流潛勢溪流列黃色警戒,1001513
135327,2016-9-14 10:43,莫蘭蒂颱風,rock fall,121.063654,22.893495,臺東縣,延平鄉,臺東縣延平鄉紅葉村1鄰1號,紅葉村瓦剛橋往桃源村方向道路有土石崩塌情形發生。,1001413
135361,2016-9-14 10:22,莫蘭蒂颱風,rock fall,121.155961,22.915286,臺東縣,延平鄉,臺東縣延平鄉鸞山村1鄰16號,鸞山村上野部落落石崩落，人車因安全考量無法繼續前進，故後段情形無法得知，落石掩蓋整個車道，長約15公尺。,1001413
135039,2016-9-14 09:58,莫蘭蒂颱風,slope slump,121.334338,23.438138,花蓮縣,卓溪鄉,花蓮縣卓溪鄉立山村4鄰34號,"立山村路口往布農部落道路旁,道路坍方。",1001513
135375,2016-9-14 09:07,莫蘭蒂颱風,debris flow,121.238791,23.182178,花蓮縣,卓溪鄉,花蓮縣卓溪鄉古風村石平48-1號,石平部落山邊部份地方崩塌馬路淹水派出所上方有落石,1001513
135113,2016-9-14 08:35,莫蘭蒂颱風,roadbed loss,120.481943,22.666513,屏東縣,屏東市,屏東縣屏東市,屏91線路面凹陷，732-0415-3546，楊先生通報,1001301
135125,2016-9-14 08:21,莫蘭蒂颱風,roadbed loss,121.076892,22.897451,臺東縣,延平鄉,臺東縣延平鄉桃源村12鄰下里1號,桃源村下里部落往鹿鳴橋方向道路，路面坍塌流失。,1001413
135129,2016-9-14 08:17,莫蘭蒂颱風,rock fall,121.063654,22.893495,臺東縣,延平鄉,臺東縣延平鄉紅葉村1鄰1號,紅葉村往紅葉溫泉方向，土石崩落,1001413
135007,2016-9-14 07:37,莫蘭蒂颱風,debris flow,121.517076,24.094354,花蓮縣,秀林鄉,花蓮縣秀林鄉,依據水保局第4報，本縣秀林鄉27條，豐濱鄉16條，鳳林鎮9條，光復鄉18條，萬榮鄉12條，瑞穗鄉9條，共計91條處於黃色警戒。,1001511
135014,2016-9-14 07:25,莫蘭蒂颱風,rock fall,121.093776,22.888412,臺東縣,卑南鄉,臺東縣卑南鄉明峰村鹿鳴橋,鹿鳴橋前土石坍方，雙向道路中斷,1001404
134985,2016-9-14 01:58,莫蘭蒂颱風,debris flow,121.441559,23.648785,花蓮縣,光復鄉,花蓮縣光復鄉,依據水保局第4報，本縣秀林鄉27條，豐濱鄉16條，鳳林鎮9條，光復鄉18條，共計70條處於黃色警戒,1001507
136103,2016-9-13 22:50,莫蘭蒂颱風,slope slump,121.031485,23.908477,南投縣,仁愛鄉,南投縣仁愛鄉法治村,投71線11.8K處道路崩塌，僅單線通車。,1000813
134930,2016-9-13 22:38,莫蘭蒂颱風,slope slump,120.47234,22.875912,高雄市,旗山區,高雄市旗山區台28線28.5公里處,台28線28.5公里處泥土坍塌中,6403000
134949,2016-9-13 20:27,莫蘭蒂颱風,debris flow,121.465239,23.746091,花蓮縣,鳳林鎮,花蓮縣鳳林鎮,依據行政院農委會第2報單，本縣秀林鄉27條、光復鄉18條、豐濱鄉16條、鳳林鄉9條共計70條處黃色警戒區域,1001502
134921,2016-9-13 16:37,莫蘭蒂颱風,debris flow,120.799713,23.449567,嘉義縣,阿里山鄉,嘉義縣阿里山鄉,台3號道326.5K處，落石掉落路面僅可單向通車 17:05本縣災害應變中心轉知警察局：臺3線326.5公里處，有落石單向通車；經派遣中埔分局員警進行交通管制，以維安全，並通知第五區養護工程處派員處理。 2.於21:40分第五區養護工程處人員將落石排除完畢。,1001018
134918,2016-9-13 15:37,莫蘭蒂颱風,roadbed loss,120.508094,22.668894,屏東縣,長治鄉,屏東縣長治鄉香楊村長春街一段,"長春街1街50號民宅前路基掏空,已由本所建設課前往處理。",1001306
134915,2016-9-13 12:41,莫蘭蒂颱風,rock fall,120.247613,22.999052,臺南市,永康區,臺南市永康區復興路54巷,擋土牆崩落,6703100
105063,2016-7-11 14:19,尼伯特颱風,debris flow,120.593027,24.000299,彰化縣,大村鄉,彰化縣大村鄉福興村學府路1號,彰化縣大村鄉福興村五里坑大葉大學土石崩塌，圖書館大樓被掩埋，30名讀者受困，1人罹難，20輛機車2輛汔車?損。,1000713
105068,2016-7-11 14:15,尼伯特颱風,debris flow,120.590326,23.981263,彰化縣,大村鄉,彰化縣大村鄉黃厝村山腳路六段372巷1號,"彰化縣大村鄉黃厝村山腳路六段372巷1號因尼伯特颱風來襲,豪雨造成土石流,2棟房屋倒塌,",1000713
105014,2016-7-10 15:00,尼伯特颱風,rock fall,121.707366,25.164388,基隆市,安樂區,基隆市安樂區湖海路二段2.7公里,7月10日午後豪雨，湖海路二段2.7公里處土石崩落,1001706
104670,2016-7-9 11:29,尼伯特颱風,road blockage,120.759272,22.754778,屏東縣,霧臺鄉,屏東縣霧臺鄉大武村,霧大聯絡道因落石車子無法通行.,1001327
104676,2016-7-9 11:18,尼伯特颱風,road blockage,120.966995,22.533891,臺東縣,太麻里鄉,臺東縣太麻里鄉金崙村富山段,該路段沿途有樹木傾倒及落石(金崙村),1001409
104685,2016-7-9 10:52,尼伯特颱風,road blockage,121.353237,23.092138,臺東縣,成功鎮,臺東縣成功鎮忠仁里,道路邊坡土石崩落阻塞路面影響交通 ,1001402
104702,2016-7-9 10:31,尼伯特颱風,road blockage,121.354111,23.125361,臺東縣,成功鎮,臺東縣成功鎮三仙里,通往聖武宮之產道路路面破損及土沙阻塞影響交通.,1001402
104705,2016-7-9 10:30,尼伯特颱風,roadbed loss,120.125555,23.125313,臺南市,七股區,臺南市七股區溪南里,溪南里溪南渡假村路基淘空,6701500
104751,2016-7-9 09:43,尼伯特颱風,roadbed loss,120.468486,23.378485,臺南市,白河區,臺南市白河區崎內里3鄰往2鄰道路掏空,臺南市白河區崎內里3鄰往2鄰道路掏空交通中斷,6700300
104767,2016-7-9 09:24,尼伯特颱風,road blockage,120.567398,22.983681,高雄市,杉林區,高雄市杉林區新庄里,"往地母廟道路竹子及土石崩落,已請本所開口合約廠商前往處理",6403400
104769,2016-7-9 09:22,尼伯特颱風,slope slump,120.855875,22.239372,屏東縣,獅子鄉,屏東縣獅子鄉內文村,"屏東縣獅子鄉縣道199壽卡往內文約4.5~5K道路崩塌,另外往內文村有路樹倒塌壓在台電電線",1001332
104378,2016-7-8 23:35,尼伯特颱風,rock fall,120.876871,22.293782,臺東縣,達仁鄉,臺東縣達仁鄉安朔村,道路旁邊坡土石崩落，僅能維持單線通車,1001415
104380,2016-7-8 23:31,尼伯特颱風,roadbed loss,120.394983,23.083364,臺南市,山上區,臺南市山上區玉?里,因豪雨造成農路有一處30*50公分破洞。,6702200
104410,2016-7-8 21:56,尼伯特颱風,slope slump,121.240134,22.980742,臺東縣,東河鄉,臺東縣東河鄉,東23線9.6k處,1001407
104426,2016-7-8 21:16,尼伯特颱風,roadbed loss,121.215677,24.082495,南投縣,仁愛鄉,南投縣仁愛鄉合作村,1.合作村第四鄰大排水管排水處大水沖刷村民農地，造成土地流失。 2.合作村龍岸農路3.5公里處土石崩塌，上方村民農地下陷、土石流失。 3.合作村龍岸農路300公尺處路基掏空，影響行車安全。 4.合作村三號便橋遭河水滅頂、毀損。,1000813
104438,2016-7-8 21:03,尼伯特颱風,slope slump,121.151648,24.053988,南投縣,仁愛鄉,南投縣仁愛鄉大同村,投89線49k處落石坍方道路中斷,1000813
103967,2016-7-8 18:46,尼伯特颱風,slope slump,121.115439,22.856564,臺東縣,卑南鄉,臺東縣卑南鄉明峰村試驗場8號,1999轉報:距離原生應園植物園出入口後50公尺，路口坍方、路樹倒塌、電線桿傾斜,1001404
104008,2016-7-8 18:14,尼伯特颱風,road blockage,120.730783,23.655666,南投縣,竹山鎮,南投縣竹山鎮大鞍里三層坪農路,大鞍里三層坪農路路面大石與邊坡落石，影響周圍住戶交通聯繫與安全。,1000804
104017,2016-7-8 18:07,尼伯特颱風,roadbed loss,120.265375,23.797394,雲林縣,麥寮鄉,雲林縣麥寮鄉仁德西路一段,路基掏空,1000913
104560,2016-7-8 18:07,尼伯特颱風,slope slump,120.314168,22.967603,臺南市,歸仁區,臺南市歸仁區歸仁里,中山路一段2巷底一貫道道場後臨水庫旁排水溝路面塌陷，本所已派員先行放置警戒標示,6702800
104034,2016-7-8 18:00,尼伯特颱風,roadbed loss,120.265375,23.797394,雲林縣,麥寮鄉,雲林縣麥寮鄉三盛村仁德西路一段,路基掏空,1000913
104057,2016-7-8 17:40,尼伯特颱風,roadbed loss,121.5484,25.03123,臺北市,大安區,敦化南路二段48號頂好前面,路面有一個長寬約30*15公分，深度15公分的坑洞,6300300
104304,2016-7-8 15:39,尼伯特颱風,slope slump,121.298022,23.203727,花蓮縣,富里鄉,富里鄉羅山村1鄰136號,報案人：柯先生  電話：0989-701201 反映事項：家裡出入道路因土石崩落影響通行且停電。 1600時建設處人員以通知鄉公所，鄉公所建設課課長表示已與陳情人聯繫，預定明早前往搶修完成。 1650時台電人員表示，配合公所，道路可通行即派員搶修。  ==================== 富里鄉羅山村1鄰136號出入道路因土石崩落影響通行，且有停電 ,1001510
104338,2016-7-8 15:08,尼伯特颱風,slope slump,120.4601,23.350447,臺南市,白河區,臺南市白河區,竹門大排邊坡塌陷,6700300
103882,2016-7-8 14:57,尼伯特颱風,rock fall,120.792446,22.12943,屏東縣,牡丹鄉,屏東縣牡丹鄉石門村,石門村古戰場牡丹鄉牌樓入口處附近，有些許落石崩落，路面有碎石,1001333
103793,2016-7-8 14:34,尼伯特颱風,road blockage,121.371534,24.80637,桃園市,復興區,桃園市復興區霞雲里,台112線1公里處，因道路落石，僅能單向通車,6801300
103317,2016-7-8 13:45,尼伯特颱風,debris flow,120.951047,24.777663,新竹市,香山區,新竹市香山區香檳二街及三街交叉口,東香里香檳二街及三街交叉口右側土石滑落 沒有立即危險,1001803
103326,2016-7-8 13:41,尼伯特颱風,rock fall,120.64053,22.819902,屏東縣,三地門鄉,屏東縣三地門鄉青山村,土石掉落造成排水溝堵塞(一)2016:07:08 13:59屏東縣政府水利處洪瑞杉本案應屬鄉公所權責，非屬水利處權責。(二)2016:07:08 14:14屏東縣政府警察局黃富楨已通報里港分局勤指中心派員處理  ,1001326
103361,2016-7-8 13:25,尼伯特颱風,road blockage,120.802942,22.748021,屏東縣,霧臺鄉,屏東縣霧臺鄉,1.台24線35K處落石導致交通雙向不通2.38K處落石(一)2016:07:08 14:16屏東縣政府警察局黃富楨已通報里港分局勤指中心派員處理(二)2016:07:08  14:43屏東縣政府工務處蕭瑞文台24線為三工處權責(三)2016:07:08 14:50交通部公路總局第三區養護工程處黃明雄1447回報工務段請派員處理   ,1001327
103365,2016-7-8 13:24,尼伯特颱風,road blockage,121.282099,24.5963,新竹縣,尖石鄉,新竹縣尖石鄉,竹60線約23k處落石掉落路中間,1000412
103511,2016-7-8 12:50,尼伯特颱風,rock fall,121.190441,23.029696,臺東縣,關山鎮,臺東縣關山鎮電光里東興75號,電光里17鄰往自然村方向道路被土石阻斷，自然村內斷水斷電，4戶約十幾人。,1001403
103924,2016-7-8 12:32,尼伯特颱風,roadbed loss,121.5254,25.05571,臺北市,中山區,林森北路286號前的人行道上,40公分X40公分坑洞,6300400
103586,2016-7-8 12:32,尼伯特颱風,road blockage,120.245364,22.973562,臺南市,仁德區,臺南市仁德區中山路782號空地,中山路782號空地黃土流淹路面,6702700
103931,2016-7-8 11:40,尼伯特颱風,roadbed loss,121.5256,25.05568,臺北市,中山區,林森北路300號林森北路300~320號之間有一間康是美店家前方人行道公車站牌旁,人行道上有個大洞(比籃球還大一些) ,6300400
102249,2016-7-8 11:34,尼伯特颱風,rock fall,121.292524,24.872871,桃園市,大溪區,桃園市大溪區仁義里--坡地災害, ,6800300
102404,2016-7-8 10:50,尼伯特颱風,slope slump,121.402956,24.689066,桃園市,復興區,桃園市復興區華陵里,近卡拉部落禱告山部落,6801300
102588,2016-7-8 10:12,尼伯特颱風,rock fall,121.295422,24.921527,桃園市,大溪區,桃園市大溪區介壽路83巷28弄,依據民眾通報，此附近地區發生土石流造成淹水，急需抽水處理。,6800300
103748,2016-7-8 10:12,尼伯特颱風,rock fall,121.295422,24.921527,桃園市,大溪區,桃園市大溪區介壽路83巷28弄,"  ==================== 依據民眾通報，此附近地區發生土石流造成淹水，急需抽水處理。於7月8日 11時45分與報案人鄭小姐聯繫,該處屬戶外坡地,離附近住宅有一段距離,住宅無淹水情形.本案已由水務局派員前往處理. ",6800300
102602,2016-7-8 10:08,尼伯特颱風,rock fall,121.298022,23.203727,花蓮縣,富里鄉,花蓮縣富里鄉羅山村1鄰136號,花蓮縣富里鄉羅山村1鄰136號羅山神亭附近土石滑落。 07081620時，鄉公所人員回報處理完成。,1001510
102850,2016-7-8 09:04,尼伯特颱風,debris flow,121.178186,23.053806,臺東縣,關山鎮,臺東縣關山鎮,里?里隆興部落土地公廟旁土石崩落影響交通,1001403
102853,2016-7-8 09:04,尼伯特颱風,rock fall,120.75987,24.208592,臺中市,北屯區,臺中市北屯區大坑里大湖巷8號,產業道路落石崩塌,6600800
102897,2016-7-8 08:56,尼伯特颱風,rock fall,121.304984,23.268434,花蓮縣,富里鄉,花蓮縣富里鄉299k,台九線299k處落石坍方。 07081620時，鄉公所人員回報處理完成。,1001510
102968,2016-7-8 08:31,尼伯特颱風,rock fall,121.230103,23.119097,臺東縣,池上鄉,台東縣池上鄉慶豐村慶豐8號,"2016/07/08 08:31:41 - 報案人表示,房屋後方的山坡有土石流,石頭拌隨泥水流下,面積不會很大,目前屋內人員是安全的.",1001406
103081,2016-7-8 08:04,尼伯特颱風,road blockage,121.240568,23.183801,花蓮縣,卓溪鄉,花蓮縣卓溪鄉古風村,石平部落往大肚方向(崙天)道路旁持續落石,1001513
102114,2016-7-8 06:45,尼伯特颱風,debris flow,121.517076,24.094354,花蓮縣,秀林鄉,花蓮縣秀林鄉,依據水保局第6報單，本縣秀林鄉27條、豐濱鄉16條、光復鄉18條、鳳林鎮9條、卓溪鄉15條、瑞穗9條、萬榮鄉12條、玉里鎮24條、富里鄉8條，共計138條，處於黃色警戒區域,1001511
104845,2016-7-8 06:00,尼伯特颱風,rock fall,121.152806,22.914917,臺東縣,延平鄉,臺東縣延平鄉鸞山村4鄰1號,經獲王勇生村長通報，鸞山村往梅山部落之聯繫道路有土石崩落並有路樹倒塌情形，人員車輛難以通過。,1001413
104846,2016-7-8 05:30,尼伯特颱風,rock fall,121.084767,22.90565,臺東縣,延平鄉,臺東縣延平鄉桃源村11鄰昇平路190號之1,桃源村往二層坪、三層坪之農業道路，土石崩落並有路樹倒塌情形，人車難以通行。,1001413
101738,2016-7-7 19:17,尼伯特颱風,slope slump,121.34867,24.739361,桃園市,復興區,桃園市復興區高義里,7/7 21:23分已雙向搶通完畢。,6801300
103187,2016-7-7 19:17,尼伯特颱風,slope slump,121.3505,24.720512,桃園市,復興區,桃園市復興區高義里,台七線32.9k土石坍方雙向無法通行。,6801300
101776,2016-7-7 16:17,尼伯特颱風,roadbed loss,121.5755,24.99973,臺北市,文山區,木柵路四段157-1號,表示有二處坑洞該址相隔約10公尺往文山方向也有一坑洞請一併查處,6300800
101818,2016-7-7 12:08,尼伯特颱風,roadbed loss,121.5724,25.0808,臺北市,內湖區,內湖路一段388號後面公車站牌附近,柏油路面有2-3個手掌大小坑洞,6301000
101821,2016-7-7 11:58,尼伯特颱風,roadbed loss,121.5711,25.08126,臺北市,內湖區,內湖路一段362號加油站外圍 慢車道中間,90CM直徑寬大小 深度不清楚的坑洞,6301000
101822,2016-7-7 11:51,尼伯特颱風,roadbed loss,121.5686,25.08178,臺北市,內湖區,內湖路一段296號的前方，快車道中間,有一個約人孔蓋大，深約3至4公分深的坑洞,6301000
101853,2016-7-7 10:00,尼伯特颱風,roadbed loss,121.5681,25.08255,臺北市,內湖區,內湖路一段323巷1弄2號前方,道路上有約十公分的坑洞，疑似路基流失,6301000
101855,2016-7-7 09:46,尼伯特颱風,roadbed loss,121.6078,25.07173,臺北市,內湖區,康寧路三段26巷12號前方，頂好前面，路面,有長條形(長寬深不明)類似裂痕形狀的坑洞 ,6301000
101857,2016-7-7 09:44,尼伯特颱風,roadbed loss,121.5524,25.06008,臺北市,松山區,富錦街107巷1弄12號12號前方水溝旁道路,路面掏空下陷，面積約長50公分寬30公分下陷深度約30公分，敬請相關單位盡快派人處理。,6300100
101861,2016-7-7 09:30,尼伯特颱風,roadbed loss,121.5267,25.02213,臺北市,大安區,"交叉路口:  羅斯福路 , 浦城街，在羅斯福路上，往北方向，中間車道上，剛好在交叉口的位置",上述地點有一個坑洞，有人經過有摔倒，昨天有發生過車禍，目前有用交通錐圍住，但是今天機車來不及反應，煞車又滑倒,6300300
